{
    "label": "attention (Cach 3, T=10.0)",
    "metrics": {
        "R1": 45.73115539550781,
        "R5": 66.21253204345703,
        "R10": 73.2515869140625,
        "mAP": 55.281436920166016,
        "mINP": 55.27790832519531
    },
    "method": "attention",
    "temperature": 10.0
}