{
    "label": "entropy (Cach 2, k=2~10)",
    "metrics": {
        "R1": 46.32152557373047,
        "R5": 66.30335998535156,
        "R10": 73.34242248535156,
        "mAP": 55.546104431152344,
        "mINP": 55.539005279541016
    },
    "method": "entropy",
    "k_min": 2,
    "k_max": 10,
    "chunk_size": 100
}