{
    "label": "threshold (Cach 1)",
    "metrics": {
        "R1": 43.55131530761719,
        "R5": 65.07720184326172,
        "R10": 72.25250244140625,
        "mAP": 53.53481674194336,
        "mINP": 53.5189208984375
    },
    "method": "threshold"
}