{
    "label": "topk (k=2)",
    "metrics": {
        "R1": 45.504085540771484,
        "R5": 65.66757202148438,
        "R10": 72.52497863769531,
        "mAP": 54.969459533691406,
        "mINP": 54.95612716674805
    },
    "method": "topk",
    "k": 2,
    "trained_k": 6
}