{
    "label": "topk (k=6) [trained]",
    "metrics": {
        "R1": 46.68482971191406,
        "R5": 66.30335998535156,
        "R10": 73.2515869140625,
        "mAP": 55.692291259765625,
        "mINP": 55.686100006103516
    },
    "method": "topk",
    "k": 6,
    "trained_k": 6
}