{
    "label": "topk (k=16)",
    "metrics": {
        "R1": 44.732059478759766,
        "R5": 65.44050598144531,
        "R10": 73.11534881591797,
        "mAP": 54.3558464050293,
        "mINP": 54.343116760253906
    },
    "method": "topk",
    "k": 16,
    "trained_k": 6
}