{
    "label": "topk (k=4)",
    "metrics": {
        "R1": 46.457763671875,
        "R5": 66.34877014160156,
        "R10": 73.06993865966797,
        "mAP": 55.60129165649414,
        "mINP": 55.595760345458984
    },
    "method": "topk",
    "k": 4,
    "trained_k": 6
}