{
    "label": "topk (k=1)",
    "metrics": {
        "R1": 45.36784744262695,
        "R5": 65.39509582519531,
        "R10": 72.29791259765625,
        "mAP": 54.699623107910156,
        "mINP": 54.67724609375
    },
    "method": "topk",
    "k": 1,
    "trained_k": 6
}