{
    "label": "topk (k=8)",
    "metrics": {
        "R1": 45.958221435546875,
        "R5": 66.21253204345703,
        "R10": 73.2515869140625,
        "mAP": 55.4703483581543,
        "mINP": 55.45269775390625
    },
    "method": "topk",
    "k": 8,
    "trained_k": 6
}