{
  "R1": 46.68482971191406,
  "R5": 66.30335998535156,
  "R10": 73.2515869140625,
  "mAP": 55.692291259765625
}