{
    "model": "tuned_recall_at1_step.pt",
    "dataset": "itcpr",
    "fda_k": 6,
    "fda_alpha": 0.5,
    "fd_margin": 0.5,
    "recall_at_1": 46.68482971191406,
    "recall_at_5": 66.25794982910156,
    "recall_at_10": 73.2515869140625,
    "mAP": 55.69173049926758
}